0.001,12232.8,-6739.87,5493.42,981.369,0
0.011,12171.3,-6678.46,5503.77,976.442,0
0.021,11996.8,-6503.96,5516.15,962.44,0
0.031,11677.1,-6184.29,5532.66,936.791,0
0.041,11160.9,-5668.16,5554.87,895.38,0
0.051,10397.3,-4904.61,5580.75,834.122,0
0.061,9402.33,-3909.52,5599.34,754.298,0
0.071,8336.81,-2843.84,5595.35,668.817,0
0.081,7461.97,-1968.88,5565.16,598.633,0
0.091,6968.53,-1475.45,5523.79,559.048,0
0.101,6858.67,-1365.67,5489.91,550.234,0
0.111,7003.58,-1510.66,5471.5,561.859,0
0.121,7250.09,-1757.24,5467.34,581.636,0
0.131,7483.68,-1990.86,5472.11,600.376,0
0.141,7648.72,-2155.88,5479.8,613.615,0
0.151,7744.09,-2251.24,5485.69,621.267,0
0.161,7798.89,-2306.01,5488.38,625.663,0
0.171,7838.09,-2345.21,5489.27,628.808,0
0.181,7874.87,-2381.98,5488.95,631.759,0
0.191,7921.43,-2428.54,5487.63,635.494,0
0.201,7976.45,-2483.57,5487.54,639.908,0
0.211,8020.33,-2527.45,5489.42,643.428,0
0.221,8044.95,-2552.06,5491.07,645.403,0
0.231,8059.89,-2566.99,5491.5,646.602,0
0.241,8076.62,-2583.72,5490.82,647.944,0
0.251,8106.88,-2613.97,5488.99,650.371,0
0.261,8156.37,-2663.46,5487.3,654.341,0
0.271,8214.56,-2721.66,5487.13,659.01,0
0.281,8268.55,-2775.65,5487.86,663.342,0
0.291,8313.61,-2820.71,5488.91,666.956,0
0.301,8344.74,-2851.84,5490.61,669.454,0
0.311,8357.16,-2864.25,5492.46,670.45,0
0.321,8354.4,-2861.49,5493.69,670.229,0
0.331,8342.56,-2849.64,5494.36,669.279,0
0.341,8327.94,-2835.01,5494.26,668.106,0
0.351,8320.01,-2827.08,5493.17,667.47,0
0.361,8325.65,-2832.72,5491.72,667.922,0
0.371,8345.21,-2852.28,5490.38,669.492,0
0.381,8378.06,-2885.13,5489.08,672.127,0
0.391,8421.81,-2928.87,5488.25,675.636,0
0.401,8469.69,-2976.76,5488.11,679.478,0
0.411,8518.3,-3025.37,5488.04,683.377,0
0.421,8565.66,-3072.73,5488.49,687.177,0
0.431,8602.81,-3109.88,5489.86,690.157,0.473289
0.441,8627.36,-3134.43,5490.83,692.127,1.15009
0.451,8648.33,-3155.38,5490.72,693.809,1.79801
0.461,8672.81,-3179.87,5490.38,695.773,2.40103
0.471,8696.47,-3203.53,5490.89,697.671,2.94424
0.481,8710.17,-3217.23,5492.19,698.77,3.41421
0.491,8709.37,-3216.43,5493.68,698.706,3.79935
0.501,8695.07,-3202.13,5494.83,697.559,4.09014
0.511,8674.47,-3181.52,5494.94,695.906,4.27943
0.521,8660.8,-3167.84,5493.64,694.809,4.36258
0.531,8664.22,-3171.26,5491.83,695.084,4.3376
0.541,8681.31,-3188.36,5490.97,696.455,4.20516
0.551,8699.54,-3206.6,5491.4,697.918,3.96864
0.561,8709.8,-3216.85,5492.37,698.74,3.63399
0.571,8710.65,-3217.7,5493.24,698.809,3.20961
0.581,8704,-3211.05,5493.9,698.275,2.70612
0.591,8691.66,-3198.71,5494.4,697.286,2.34301
0.601,8674.68,-3181.72,5494.85,695.923,3.0164
0.611,8653.24,-3160.29,5495.3,694.203,3.61339
0.621,8627.82,-3134.86,5495.62,692.164,4.11915
0.631,8601.34,-3108.38,5495.51,690.039,5.02758
0.641,8579.03,-3086.07,5494.88,688.25,5.98426
0.651,8564.06,-3071.1,5494.14,687.049,6.78953
0.661,8554.98,-3062.01,5493.71,686.32,7.42343
0.671,8547.86,-3054.9,5493.69,685.749,7.87027
0.681,8539.51,-3046.55,5493.9,685.079,8.11915
0.691,8528.47,-3035.51,5494.2,684.193,8.16414
0.701,8514.58,-3021.62,5494.46,683.079,8.00453
0.711,8498.79,-3005.82,5494.59,681.812,7.6448
0.721,8482.62,-2989.66,5494.56,680.515,7.14212
0.731,8467.22,-2974.26,5494.45,679.28,7.62495
0.741,8453.5,-2960.54,5494.24,678.179,7.92115
0.751,8442.1,-2949.13,5494.01,677.264,8.78528
0.761,8432.48,-2939.51,5493.89,676.492,9.51569
0.771,8423.16,-2930.2,5493.93,675.745,10.0144
0.781,8412.89,-2919.92,5494.05,674.921,10.2693
0.791,8401.37,-2908.4,5494.16,673.997,10.6598
0.801,8388.85,-2895.88,5494.27,672.992,11.6708
0.811,8374.9,-2881.93,5494.44,671.873,12.3924
0.821,8359,-2866.03,5494.65,670.597,12.8069
0.831,8341.03,-2848.06,5494.85,669.156,12.9044
0.841,8321.63,-2828.66,5494.93,667.599,12.6833
0.851,8302.74,-2809.77,5494.76,666.084,12.2973
0.861,8286.66,-2793.69,5494.42,664.794,12.3735
0.871,8273.91,-2780.94,5494.13,663.772,12.148
0.881,8262.94,-2769.97,5494.03,662.891,11.6294
0.891,8252.72,-2759.76,5493.96,662.072,11.3812
0.901,8243.3,-2750.33,5493.86,661.316,11.9531
0.911,8234.87,-2741.9,5493.78,660.64,12.2517
0.921,8227.04,-2734.06,5493.74,660.011,12.3368
0.931,8219.8,-2726.83,5493.66,659.431,13.3126
0.941,8213.28,-2720.3,5493.6,658.907,14.0171
0.951,8206.92,-2713.95,5493.63,658.397,14.4488
0.961,8199.77,-2706.8,5493.75,657.823,15.0431
0.971,8190.8,-2697.83,5493.97,657.104,15.3104
0.981,8179.35,-2686.38,5494.24,656.186,15.1928
0.991,8165.34,-2672.37,5494.48,655.062,14.6935
1.001,8149.18,-2656.21,5494.67,653.765,13.825
1.011,8131.53,-2638.55,5494.78,652.349,12.609
1.021,8113.34,-2620.37,5494.78,650.89,11.0758
1.031,8096.05,-2603.08,5494.62,649.503,9.26382
1.041,8081.06,-2588.08,5494.35,648.3,7.21817
1.051,8068.69,-2575.72,5494.11,647.308,5.33236
1.061,8058,-2565.03,5494.02,646.45,3.88212
1.071,8047.27,-2554.3,5494.09,645.589,2.33361
1.081,8035.12,-2542.15,5494.28,644.614,1.22196
1.091,8020.97,-2528,5494.46,643.48,1.45897
1.101,8005.33,-2512.35,5494.6,642.225,2.38576
1.111,7988.38,-2495.41,5494.72,640.865,3.25236
1.121,7970.33,-2477.35,5494.82,639.416,4.0362
1.131,7951.49,-2458.51,5494.88,637.905,4.71715
1.141,7932.19,-2439.22,5494.92,636.357,5.27788
1.151,7912.59,-2419.62,5494.95,634.785,5.70422
1.161,7892.56,-2399.58,5495.01,633.178,5.98543
1.171,7871.92,-2378.95,5495.06,631.522,6.11448
1.181,7851.05,-2358.07,5495.05,629.848,6.08817
1.191,7831.04,-2338.06,5494.9,628.242,5.90718
1.201,7812.85,-2319.87,5494.71,626.783,5.57604
1.211,7796.1,-2303.13,5494.62,625.439,5.10303
1.221,7779.7,-2286.72,5494.62,624.123,4.49997
1.231,7763.33,-2270.35,5494.59,622.81,3.78189
1.241,7747.79,-2254.82,5494.46,621.564,2.96667
1.251,7734,-2241.02,5494.27,620.457,2.07459
1.261,7722.15,-2229.18,5494.08,619.507,1.12785
1.271,7711.87,-2218.9,5493.95,618.682,0.169008
1.281,7702.68,-2209.7,5493.86,617.944,0
1.291,7694.19,-2201.21,5493.81,617.263,0
1.301,7685.93,-2192.96,5493.81,616.601,0
1.311,7677.38,-2184.41,5493.86,615.915,0
1.321,7667.98,-2175,5493.97,615.16,0
1.331,7657.23,-2164.25,5494.12,614.298,0
1.341,7644.83,-2151.85,5494.29,613.303,0.140478
1.351,7630.73,-2137.76,5494.46,612.173,0.310042
1.361,7615.22,-2122.24,5494.58,610.928,0.471869
1.371,7598.81,-2105.83,5494.64,609.611,0.621908
1.381,7582.18,-2089.2,5494.63,608.278,0.756404
1.391,7565.95,-2072.97,5494.57,606.976,0.871986
1.401,7550.44,-2057.47,5494.5,605.732,0.965756
1.411,7535.56,-2042.58,5494.45,604.538,1.03536
1.421,7520.83,-2027.85,5494.46,603.356,1.07904
1.431,7505.63,-2012.65,5494.53,602.136,1.09569
1.441,7489.5,-1996.52,5494.64,600.842,1.08489
1.451,7472.36,-1979.38,5494.73,599.467,1.04686
1.461,7454.58,-1961.6,5494.77,598.041,0.982553
1.471,7436.9,-1943.92,5494.72,596.623,0.893541
1.481,7420.24,-1927.26,5494.57,595.286,0.782025
1.491,7405.47,-1912.49,5494.35,594.101,0.650763
1.501,7393.13,-1900.15,5494.1,593.111,0.503009
1.511,7383.23,-1890.25,5493.87,592.317,0.342426
1.521,7375.08,-1882.1,5493.75,591.663,1.34289
1.531,7367.48,-1874.5,5493.74,591.053,2.55731
1.541,7359.58,-1866.6,5493.8,590.42,3.90483
1.551,7350.8,-1857.82,5493.9,589.715,5.17485
1.561,7341.02,-1848.04,5493.99,588.931,6.33229
1.571,7330.71,-1837.73,5494.01,588.103,7.34546
1.581,7320.63,-1827.66,5493.96,587.295,8.18686
1.591,7311.26,-1818.28,5493.89,586.543,8.83377
1.601,7302.37,-1809.39,5493.87,585.83,9.82091
1.611,7293.05,-1800.07,5493.99,585.082,12.8974
1.621,7281.72,-1788.75,5494.21,584.173,17.4694
1.631,7268.16,-1775.19,5494.43,583.086,23.1357
1.641,7252.72,-1759.74,5494.58,581.846,28.3334
1.651,7236.28,-1743.3,5494.64,580.528,32.8376
1.661,7219.68,-1726.7,5494.63,579.196,36.5355
1.671,7203.52,-1710.54,5494.57,577.9,39.8403
1.681,7187.87,-1694.89,5494.53,576.644,43.6348
1.691,7172.61,-1679.63,5494.48,575.42,46.8602
1.701,7158.06,-1665.08,5494.4,574.253,49.2198
1.711,7144.26,-1651.28,5494.32,573.146,51.4227
1.721,7131.54,-1638.56,5494.18,572.125,53.0919
1.731,7120.69,-1627.71,5493.97,571.255,54.179
1.741,7111.81,-1618.83,5493.79,570.542,55.0625
1.751,7104.55,-1611.57,5493.63,569.96,55.0044
1.761,7099.07,-1606.09,5493.44,569.52,53.5824
1.771,7095.47,-1602.49,5493.26,569.231,50.8317
1.781,7093.44,-1600.46,5493.13,569.068,46.8208
1.791,7092.11,-1599.13,5493.11,568.962,41.6494
1.801,7090.36,-1597.38,5493.19,568.821,35.9337
1.811,7087.71,-1594.74,5493.25,568.609,32.1597
1.821,7084.85,-1591.87,5493.28,568.379,29.361
1.831,7081.71,-1588.74,5493.3,568.128,27.4035
1.841,7078.19,-1585.22,5493.36,567.845,24.846
1.851,7073.75,-1580.78,5493.48,567.489,22.466
1.861,7067.55,-1574.57,5493.7,566.991,20.6488
1.871,7058.28,-1565.31,5494.08,566.248,21.8272
1.881,7045.22,-1552.25,5494.43,565.2,25.2907
1.891,7029.25,-1536.27,5494.67,563.919,28.4275
1.901,7011.85,-1518.87,5494.72,562.523,31.2874
1.911,6995.27,-1502.29,5494.55,561.193,34.289
1.921,6980.72,-1487.74,5494.34,560.025,36.4385
1.931,6967.98,-1475,5494.19,559.004,37.6832
1.941,6956.73,-1463.75,5494.03,558.101,39.5369
1.951,6946.94,-1453.96,5493.89,557.315,41.8317
1.961,6938.74,-1445.76,5493.72,556.658,43.0922
1.971,6932.48,-1439.5,5493.51,556.156,43.2891
1.981,6928.24,-1435.26,5493.32,555.815,42.4203
1.991,6925.71,-1432.73,5493.18,555.612,40.9802
2.001,6924.13,-1431.16,5493.11,555.486,39.075
2.011,6922.6,-1429.62,5493.17,555.363,37.7306
2.021,6920.09,-1427.11,5493.28,555.161,36.0169
2.031,6916.32,-1423.34,5493.42,554.859,33.8398
2.041,6911.15,-1418.18,5493.55,554.445,31.4914
2.051,6904.79,-1411.82,5493.65,553.935,28.672
2.061,6897.78,-1404.8,5493.69,553.372,26.7013
2.071,6891.32,-1398.34,5493.57,552.853,27.3149
2.081,6886.2,-1393.22,5493.44,552.443,28.2555
2.091,6881.87,-1388.89,5493.4,552.095,29.8616
2.101,6877.73,-1384.75,5493.39,551.763,31.5581
2.111,6873.54,-1380.57,5493.4,551.427,32.572
2.121,6869.31,-1376.33,5493.4,551.088,32.7704
2.131,6865.1,-1372.13,5493.4,550.75,32.1483
2.141,6860.96,-1367.99,5493.4,550.418,31.8293
2.151,6856.53,-1363.55,5493.44,550.063,32.9868
2.161,6851.71,-1358.73,5493.48,549.676,33.3181
2.171,6846.29,-1353.32,5493.6,549.241,34.3628
2.181,6838.41,-1345.43,5493.9,548.609,37.6783
2.191,6827.55,-1334.58,5494.21,547.738,41.7717
2.201,6813.08,-1320.1,5494.59,546.577,47.0264
2.211,6795.74,-1302.76,5494.79,545.186,52.6067
2.221,6777.13,-1284.15,5494.87,543.692,57.6583
2.231,6758.45,-1265.47,5494.8,542.194,62.1771
2.241,6741.2,-1248.22,5494.61,540.81,65.515
2.251,6726.42,-1233.44,5494.33,539.624,67.2189
2.261,6714.65,-1221.67,5494.02,538.68,67.2473
2.271,6705.61,-1212.63,5493.79,537.955,65.6016
2.281,6697.66,-1204.69,5493.8,537.318,62.66
2.291,6687.67,-1194.69,5494.2,536.515,60.857
2.301,6673.17,-1180.19,5494.48,535.352,59.2227
2.311,6663.4,-1170.42,5493.28,534.569,57.2795
2.321,6669.51,-1176.53,5491.85,535.059,55.9605
2.331,6681.46,-1188.49,5491.85,536.018,54.6648
2.341,6691.1,-1198.13,5492.14,536.791,55.086
2.351,6697.34,-1204.37,5492.59,537.291,57.4385
2.361,6697.19,-1204.22,5493.33,537.28,59.0113
2.371,6689.45,-1196.48,5494.06,536.658,60.915
2.381,6674.76,-1181.78,5494.72,535.48,66.0944
2.391,6654.37,-1161.4,5495.19,533.845,71.1336
2.401,6630.46,-1137.49,5495.49,531.926,78.1962
2.411,6603.87,-1110.9,5495.73,529.793,85.1056
2.421,6577.13,-1084.15,5495.44,527.647,91.1929
2.431,6559.26,-1066.28,5494.07,526.214,96.1884
2.441,6557.21,-1064.24,5492.59,526.05,100.543
2.451,6563.61,-1070.64,5492.31,526.563,105.205
2.461,6568.73,-1075.76,5492.59,526.974,107.72
2.471,6571.49,-1078.52,5492.77,527.196,109.38
2.481,6573.47,-1080.5,5492.76,527.354,109.61
2.491,6576.01,-1083.04,5492.68,527.558,108.793
2.501,6578.6,-1085.63,5492.77,527.766,105.811
2.511,6579.33,-1086.36,5493.04,527.825,102.367
2.521,6576.65,-1083.68,5493.38,527.609,100.019
2.531,6571.17,-1078.19,5493.6,527.17,97.4314
2.541,6565.74,-1072.77,5493.37,526.734,96.8586
2.551,6565.16,-1072.18,5492.75,526.688,96.7672
2.561,6569.89,-1076.91,5492.37,527.067,94.5437
2.571,6575.41,-1082.43,5492.52,527.51,95.1584
2.581,6578.67,-1085.7,5492.76,527.772,96.9089
2.591,6579.34,-1086.37,5493.02,527.825,97.1147
2.601,6577.89,-1084.92,5493.2,527.709,96.0514
2.611,6574.38,-1081.41,5493.48,527.427,95.5111
2.621,6566.6,-1073.63,5494.02,526.803,97.7693
2.631,6551.93,-1058.96,5494.79,525.626,102.337
2.641,6529.52,-1036.56,5495.54,523.829,108.093
2.651,6501.24,-1008.27,5495.94,521.559,113.953
2.661,6472.01,-979.035,5495.75,519.215,117.524
2.671,6448.21,-955.23,5494.97,517.305,119.385
2.681,6433.48,-940.506,5494.02,516.124,120.521
2.691,6429.02,-936.038,5492.91,515.766,119.524
2.701,6435.24,-942.266,5491.98,516.265,115.728
2.711,6446.95,-953.974,5491.74,517.204,111.34
2.721,6458.75,-965.775,5491.83,518.151,106.186
2.731,6470.07,-977.099,5491.82,519.059,100.94
2.741,6482.4,-989.423,5491.7,520.048,96.9665
2.751,6494.57,-1001.59,5491.89,521.024,94.327
2.761,6502.5,-1009.53,5492.45,521.66,91.127
2.771,6504.81,-1011.84,5492.99,521.846,90.2746
2.781,6500.49,-1007.53,5493.78,521.5,91.2775
2.791,6486.97,-994.001,5494.78,520.415,92.6051
2.801,6462.98,-970.011,5495.86,518.49,92.7284
2.811,6429.44,-936.464,5496.52,515.799,94.5528
2.821,6397.98,-904.998,5495.5,513.276,99.6961
2.831,6384.37,-891.389,5493.43,512.184,107.202
2.841,6386.06,-893.083,5492.52,512.319,116.374
2.851,6389.59,-896.624,5492.82,512.603,122.888
2.861,6387.16,-894.194,5493.53,512.408,128.097
2.871,6378.35,-885.379,5494.06,511.701,131.398
2.881,6366.31,-873.331,5494.24,510.735,135.186
2.891,6354.13,-861.154,5494.1,509.758,137.428
2.901,6345.14,-852.161,5493.67,509.036,136.948
2.911,6341.27,-848.294,5493.11,508.726,135.518
2.921,6342.49,-849.514,5492.68,508.824,131.954
2.931,6347.3,-854.324,5492.34,509.21,127.187
2.941,6355.82,-862.847,5491.91,509.894,119.669
2.951,6370.36,-877.385,5491.16,511.06,111.985
2.961,6391.34,-898.37,5490.75,512.743,104.455
2.971,6412.47,-919.497,5491.01,514.438,95.6974
2.981,6430.01,-937.038,5491.38,515.845,88.6871
2.991,6444.59,-951.617,5491.6,517.015,83.1222
3.001,6457,-964.025,5491.88,518.01,82.2231
3.011,6464.6,-971.632,5492.54,518.62,87.9986
3.021,6464.62,-971.644,5493.3,518.621,93.8125
3.031,6457.74,-964.769,5493.92,518.07,99.8526
3.041,6445.54,-952.57,5494.43,517.091,106.009
3.051,6427.41,-934.441,5495.09,515.637,111.861
3.061,6401.93,-908.959,5495.84,513.592,120.722
3.071,6370.74,-877.765,5496.24,511.09,130.162
3.081,6338.88,-845.898,5496,508.534,141.613
3.091,6312.26,-819.284,5495.33,506.399,151.424
3.101,6292.23,-799.255,5494.69,504.792,159.532
3.111,6278.88,-785.905,5493.97,503.721,165.759
3.121,6274.25,-781.27,5492.98,503.349,169.662
3.131,6279.78,-786.797,5492,503.793,171.293
3.141,6293.55,-800.569,5491.34,504.897,169.251
3.151,6311.68,-818.705,5491.06,506.352,163.691
3.161,6331.21,-838.233,5491.04,507.919,156.952
3.171,6348.89,-855.919,5491.4,509.337,149.376
3.181,6361.47,-868.5,5491.99,510.347,140.61
3.191,6367.27,-874.304,5492.73,510.812,129.511
3.201,6365.98,-873.015,5493.39,510.709,119.847
3.211,6359.77,-866.794,5493.68,510.21,114.628
3.221,6352.45,-859.481,5493.68,509.623,109.096
3.231,6347.44,-854.46,5493.21,509.221,104.248
3.241,6349.08,-856.111,5492.59,509.353,97.5863
3.251,6352.02,-859.055,5492.84,509.589,92.1069
3.261,6352.48,-859.505,5492.88,509.625,88.9696
3.271,6356.43,-863.457,5492.3,509.943,88.9976
3.281,6365.16,-872.184,5492.06,510.642,92.082
3.291,6372.02,-879.047,5492.57,511.193,98.0931
3.301,6371.71,-878.739,5493.33,511.168,106.196
3.311,6365.01,-872.038,5493.85,510.631,113.783
3.321,6354.79,-861.815,5494.07,509.811,119.453
3.331,6343.98,-851.002,5494.01,508.943,125.558
3.341,6333.44,-840.466,5494.05,508.098,134.67
3.351,6322.56,-829.586,5494.09,507.225,143.424
3.361,6311.05,-818.076,5494.15,506.302,152.868
3.371,6299.57,-806.598,5494.07,505.381,164.44
3.381,6289.73,-796.755,5493.86,504.591,174.108
3.391,6282.37,-789.4,5493.6,504.001,180.12
3.401,6276.95,-783.974,5493.5,503.566,183.726
3.411,6270.88,-777.912,5493.68,503.079,184.842
3.421,6261.89,-768.918,5494,502.358,183.313
3.431,6251.47,-758.492,5493.93,501.521,180.395
3.441,6246.46,-753.475,5492.93,501.12,174.367
3.451,6256.69,-763.712,5491.15,501.941,166.227
3.461,6281.52,-788.549,5490.17,503.933,156.027
3.471,6308.76,-815.79,5490.43,506.118,145.138
3.481,6330.59,-837.624,5491.06,507.87,133.839
3.491,6347.53,-854.557,5491.4,509.228,124.433
3.501,6361.16,-868.191,5491.79,510.322,122.117
3.511,6369.66,-876.689,5492.44,511.003,119.643
3.521,6369.76,-876.79,5493.41,511.011,115.504
3.531,6359.45,-866.482,5494.46,510.184,111.503
3.541,6340.73,-847.764,5495.09,508.683,110.548
3.551,6318.77,-825.797,5495.11,506.921,109.313
3.561,6301.05,-808.075,5494.38,505.5,110.346
3.571,6291.92,-798.943,5493.53,504.767,112.744
3.581,6288.82,-795.846,5493.18,504.518,115.422
3.591,6286.41,-793.438,5493.27,504.325,116.715
3.601,6283.21,-790.24,5493.26,504.068,117.72
3.611,6282.55,-789.577,5492.77,504.015,118.33
3.621,6290.06,-797.088,5491.71,504.618,118.401
3.631,6307.39,-814.418,5491.04,506.008,115.616
3.641,6324.39,-831.423,5491.57,507.372,110.965
3.651,6334.34,-841.372,5492.21,508.17,104.409
3.661,6342.05,-849.074,5492.09,508.788,97.1853
3.671,6352.7,-859.729,5491.81,509.643,90.7285
3.681,6363.37,-870.402,5492.06,510.499,83.5339
3.691,6369.31,-876.34,5492.63,510.976,78.2141
3.701,6370.28,-877.312,5493.06,511.054,79.514
3.711,6367.28,-874.308,5493.43,510.813,82.6768
3.721,6361.1,-868.131,5493.69,510.317,84.9595
3.731,6354.26,-861.283,5493.53,509.768,86.1374
3.741,6352.38,-859.406,5492.84,509.617,85.5474
3.751,6356.26,-863.287,5492.48,509.929,85.063
3.761,6359.83,-866.864,5492.77,510.215,87.4054
3.771,6359.48,-866.508,5493.21,510.187,92.01
3.781,6354.91,-861.939,5493.61,509.82,100.072
3.791,6346.19,-853.224,5494.03,509.121,109.349
3.801,6333.15,-840.184,5494.47,508.075,116.219
3.811,6316.24,-823.274,5494.77,506.718,121.777
3.821,6298.07,-805.099,5494.77,505.26,125.892
3.831,6280.74,-787.765,5494.64,503.87,127.34
3.841,6265.39,-772.418,5494.34,502.639,126.3
3.851,6255.95,-762.975,5493.49,501.881,122.181
3.861,6257.29,-764.312,5492.3,501.989,116.722
3.871,6270.23,-777.252,5491.21,503.027,114.534
3.881,6291.7,-798.73,5490.59,504.749,114.821
3.891,6316.57,-823.598,5490.44,506.744,115.316
3.901,6341.3,-848.325,5490.58,508.728,114.947
3.911,6363.68,-870.706,5490.9,510.524,113.546
3.921,6381.55,-888.581,5491.42,511.958,111.268
3.931,6393.87,-900.898,5492,512.946,107.204
3.941,6400.09,-907.121,5492.65,513.445,102.167
3.951,6399.62,-906.649,5493.32,513.407,98.013
3.961,6393.04,-900.072,5493.87,512.879,94.7326
3.971,6381.82,-888.847,5494.26,511.979,92.1362
3.981,6367.7,-874.725,5494.45,510.846,94.021
3.991,6353.27,-860.298,5494.35,509.689,96.645
4.001,6340.8,-847.826,5494.1,508.688,98.1691
4.011,6331.23,-838.256,5493.8,507.921,98.3749
4.021,6324.26,-831.291,5493.58,507.362,97.175
4.031,6319.24,-826.268,5493.35,506.959,96.5791
4.041,6317.8,-824.826,5492.91,506.843,95.6384
4.051,6321.26,-828.282,5492.41,507.12,94.7694
4.061,6328.68,-835.706,5492.15,507.716,93.6183
4.071,6336.1,-843.127,5492.36,508.311,94.3937
4.081,6338.92,-845.957,5492.98,508.538,95.8734
4.091,6335.96,-842.985,5493.4,508.3,96.8028
4.101,6333.29,-840.317,5492.98,508.086,95.6253
4.111,6337.76,-844.782,5492.17,508.444,92.7241
4.121,6347.98,-855.01,5491.91,509.264,90.6182
4.131,6356.17,-863.198,5492.4,509.921,89.0093
4.141,6358.71,-865.736,5492.93,510.125,88.4839
4.151,6357.76,-864.79,5493.12,510.049,89.1862
4.161,6356.6,-863.621,5493.03,509.955,90.6039
4.171,6356.89,-863.913,5492.9,509.979,90.5603
4.181,6356.98,-864.015,5493.09,509.987,91.1275
4.191,6352.66,-859.69,5493.7,509.64,90.5015
4.201,6342.1,-849.126,5494.24,508.792,90.7393
4.211,6329.1,-836.124,5494.19,507.75,91.894
4.221,6319.89,-826.915,5493.61,507.011,93.4121
4.231,6316.42,-823.451,5493.17,506.733,96.2445
4.241,6315.05,-822.08,5493.06,506.623,101.766
4.251,6315.1,-822.127,5492.88,506.627,106.605
4.261,6316.86,-823.884,5492.76,506.767,109.491
4.271,6318.17,-825.197,5492.95,506.873,110.71
4.281,6316.17,-823.2,5493.37,506.712,110.329
4.291,6309.57,-816.603,5493.83,506.183,108.433
4.301,6299.52,-806.545,5494.04,505.376,103.821
4.311,6289.59,-796.614,5493.84,504.58,96.6332
4.321,6283.85,-790.872,5493.27,504.119,91.3533
4.331,6284.49,-791.522,5492.64,504.171,87.1423
4.341,6290.78,-797.805,5492.12,504.675,83.7984
4.351,6302.24,-809.265,5491.56,505.595,81.3217
4.361,6319.27,-826.302,5491.09,506.961,82.1961
4.371,6337.67,-844.706,5491.28,508.437,85.1085
4.381,6350.17,-857.213,5492.14,509.44,88.3941
4.391,6351.9,-858.941,5493.35,509.579,91.1565
4.401,6341.24,-848.278,5494.55,508.724,95.2743
4.411,6321.01,-828.039,5495.25,507.1,100.485
4.421,6297.78,-804.809,5495.21,505.237,107.672
4.431,6279.02,-786.042,5494.51,503.732,117.641
4.441,6267.65,-774.674,5493.82,502.82,130.293
4.451,6260.64,-767.668,5493.65,502.257,141.975
4.461,6252.27,-759.304,5493.96,501.586,153.43
4.471,6240.97,-747.998,5494.18,500.679,162.979
4.481,6229.23,-736.26,5494.04,499.738,171.678
4.491,6221.32,-728.346,5493.51,499.103,176.904
4.501,6219.18,-726.203,5492.96,498.931,179.739
4.511,6221.77,-728.798,5492.54,499.139,180.685
4.521,6227.91,-734.936,5492.23,499.632,177.96
4.531,6236.68,-743.707,5492,500.335,173.417
4.541,6246.65,-753.677,5492,501.135,167.407
4.551,6255.16,-762.189,5492.23,501.818,160.622
4.561,6261.48,-768.513,5492.39,502.325,153.369
4.571,6267.02,-774.053,5492.42,502.77,144.73
4.581,6272.64,-779.669,5492.41,503.22,134.829
4.591,6278.45,-785.478,5492.35,503.686,124.44
4.601,6285.89,-792.92,5492.13,504.283,113.444
4.611,6295.13,-802.159,5492.01,505.024,102.541
4.621,6304.3,-811.334,5492.15,505.76,92.9854
4.631,6310.54,-817.568,5492.51,506.26,85.5631
4.641,6313.12,-820.155,5492.87,506.468,81.5403
4.651,6312.65,-819.681,5493.11,506.43,80.0612
4.661,6310.23,-817.258,5493.29,506.236,82.4858
4.671,6306.24,-813.266,5493.41,505.915,84.7977
4.681,6301.89,-808.917,5493.39,505.567,88.0348
4.691,6298.3,-805.329,5493.29,505.279,89.7735
4.701,6295.44,-802.467,5493.24,505.049,92.3225
4.711,6292.02,-799.046,5493.39,504.775,95.1079
4.721,6286.2,-793.232,5493.68,504.308,97.0061
4.731,6278.12,-785.145,5493.83,503.659,98.2899
4.741,6270.02,-777.047,5493.7,503.01,101.093
4.751,6264.99,-772.018,5493.26,502.607,104.5
4.761,6265.39,-772.411,5492.67,502.638,105.585
4.771,6270.85,-777.876,5492.29,503.076,104.406
4.781,6277.48,-784.515,5492.4,503.609,101.657
4.791,6280.49,-787.525,5492.93,503.85,98.3819
4.801,6277.69,-784.716,5493.47,503.625,94.786
4.811,6270.89,-777.914,5493.74,503.079,92.1697
4.821,6263.29,-770.317,5493.68,502.47,89.4971
4.831,6257.61,-764.638,5493.41,502.014,86.8086
4.841,6254.28,-761.311,5493.27,501.747,84.8495
4.851,6250.16,-757.195,5493.53,501.417,83.6047
4.861,6241.52,-748.554,5494.1,500.724,84.5018
4.871,6227.58,-734.607,5494.47,499.605,85.6898
4.881,6215.72,-722.744,5493.73,498.654,86.5581
4.891,6215.89,-722.918,5492.35,498.668,86.1195
4.901,6226.59,-733.623,5491.7,499.526,83.7832
4.911,6238.09,-745.125,5492.04,500.448,81.7927
4.921,6242.17,-749.215,5493.06,500.776,79.2616
4.931,6235.01,-742.042,5494.02,500.201,77.2274
4.941,6231.49,-738.506,5492.16,499.919,79.2575
4.951,6258.04,-765.072,5489.25,502.049,80.8408
4.961,6294.3,-801.34,5489.79,504.958,81.0436
4.971,6318.27,-825.302,5491.15,506.881,80.7925
4.981,6331.03,-838.063,5492.08,507.905,79.8181
4.991,6336.05,-843.083,5492.74,508.307,80.1492
5.001,6335.88,-842.909,5493.14,508.294,80.1706
5.011,6333.25,-840.279,5493.27,508.083,80.6709
5.021,6330.41,-837.434,5493.24,507.855,82.3191
5.031,6327.64,-834.668,5493.26,507.633,85.3462
5.041,6324.24,-831.265,5493.38,507.36,90.7671
5.051,6319.27,-826.296,5493.54,506.961,96.6465
5.061,6312.75,-819.78,5493.71,506.438,102.445
5.071,6303.44,-810.47,5494.1,505.691,110.829
5.081,6288.9,-795.932,5494.71,504.525,118.3
5.091,6267.92,-774.953,5495.34,502.842,123.43
5.101,6242.9,-749.922,5495.45,500.834,125.523
5.111,6222.95,-729.973,5494.42,499.234,125.218
5.121,6216.49,-723.513,5493.07,498.716,123.773
5.131,6218.78,-725.814,5492.64,498.9,121.86
5.141,6221.13,-728.156,5492.84,499.087,120.779
5.151,6221.29,-728.317,5493,499.101,118.164
5.161,6221.98,-729.008,5492.75,499.156,113.651
5.171,6227.03,-734.06,5492.23,499.562,108.024
5.181,6236.97,-743.997,5491.8,500.359,101.756
5.191,6249.7,-756.727,5491.65,501.38,96.9827
5.201,6262.77,-769.804,5491.7,502.429,91.1022
5.211,6274.21,-781.241,5491.97,503.346,85.0949
5.221,6281.62,-788.647,5492.46,503.94,79.7095
5.231,6284.29,-791.322,5492.88,504.155,76.8096
5.241,6283.93,-790.956,5493.06,504.126,76.3405
5.251,6283.19,-790.213,5493.03,504.066,76.2911
5.261,6282.75,-789.78,5492.99,504.032,75.5008
5.271,6282.97,-789.993,5492.92,504.049,76.4821
5.281,6284.15,-791.176,5492.8,504.144,76.7234
5.291,6286.65,-793.675,5492.68,504.344,76.4116
5.301,6289.44,-796.466,5492.75,504.568,76.4565
5.311,6289.69,-796.72,5493.16,504.588,77.0665
5.321,6284.35,-791.377,5493.8,504.159,78.7604
5.331,6272.18,-779.212,5494.5,503.183,81.3497
5.341,6253.55,-760.583,5495.06,501.689,83.3251
5.351,6231.43,-738.455,5495.2,499.914,86.1084
5.361,6211.45,-718.47,5494.69,498.311,88.8887
5.371,6199.16,-706.189,5493.8,497.326,91.5449
5.381,6194.42,-701.449,5493.26,496.945,94.0928
5.391,6191.51,-698.545,5493.33,496.712,96.0427
5.401,6186.7,-693.724,5493.5,496.325,99.225
5.411,6182.67,-689.691,5493.19,496.002,104.834
5.421,6183.93,-690.96,5492.57,496.104,111.104
5.431,6190.34,-697.37,5492.18,496.618,118.012
5.441,6199.28,-706.305,5492.03,497.335,122.899
5.451,6208.96,-715.991,5491.99,498.112,125.567
5.461,6218.45,-725.473,5492.08,498.872,125.553
5.471,6226.04,-733.068,5492.35,499.482,123.687
5.481,6230.08,-737.106,5492.76,499.806,120.815
5.491,6230.53,-737.562,5493.02,499.842,118.052
5.501,6230.42,-737.444,5492.9,499.833,116.873
5.511,6232.88,-739.902,5492.6,500.03,116.992
5.521,6237.02,-744.043,5492.58,500.362,117.009
5.531,6239.69,-746.717,5492.82,500.577,116.912
5.541,6239.7,-746.728,5493.09,500.578,115.432
5.551,6237.49,-744.511,5493.26,500.4,113.78
5.561,6234.43,-741.458,5493.28,500.155,111.725
5.571,6231.78,-738.805,5493.17,499.942,108.665
5.581,6231.42,-738.44,5492.87,499.913,104.947
5.591,6234.21,-741.235,5492.56,500.137,100.191
5.601,6239.8,-746.826,5492.32,500.586,94.5475
5.611,6246.86,-753.881,5492.26,501.152,87.8316
5.621,6253.69,-760.717,5492.33,501.7,83.2412
5.631,6259.58,-766.609,5492.45,502.173,79.6681
5.641,6263.95,-770.974,5492.61,502.523,76.6414
5.651,6266.86,-773.88,5492.74,502.756,72.5053
5.661,6268.61,-775.636,5492.84,502.897,67.4157
5.671,6269.44,-776.466,5492.95,502.964,62.6218
5.681,6269.01,-776.03,5493.08,502.929,60.545
5.691,6267.15,-774.177,5493.24,502.78,61.3514
5.701,6263.39,-770.419,5493.44,502.478,64.805
5.711,6257.73,-764.758,5493.61,502.024,69.0201
5.721,6250.63,-757.654,5493.74,501.454,74.3064
5.731,6242.36,-749.386,5493.85,500.791,78.7594
5.741,6232.97,-739.994,5493.96,500.038,81.9214
5.751,6222.47,-729.492,5494.07,499.195,84.9682
5.761,6210.9,-717.927,5494.17,498.267,88.8303
5.771,6198.9,-705.927,5494.16,497.304,91.7805
5.781,6187.63,-694.655,5494.02,496.4,94.4672
5.791,6178.82,-685.848,5493.73,495.694,95.8176
5.801,6172.19,-679.216,5493.61,495.161,97.3274
5.811,6165.1,-672.13,5493.76,494.593,98.332
5.821,6157.07,-664.093,5493.71,493.948,98.4691
5.831,6153.11,-660.132,5492.98,493.631,98.3361
5.841,6158.34,-665.362,5492.1,494.05,97.1555
5.851,6168.38,-675.412,5491.96,494.856,94.0775
5.861,6177.54,-684.567,5492.13,495.591,88.9183
5.871,6185.08,-692.11,5492.32,496.196,83.1923
5.881,6189.24,-696.272,5492.79,496.529,77.0315
5.891,6187.86,-694.893,5493.33,496.419,71.7053
5.901,6182.83,-689.853,5493.54,496.015,68.371
5.911,6177.39,-684.414,5493.47,495.579,65.1757
5.921,6173.42,-680.442,5493.28,495.26,62.0362
5.931,6171.61,-678.632,5493.04,495.115,58.1433
5.941,6172.85,-679.874,5492.69,495.215,54.716
5.951,6177.45,-684.479,5492.39,495.584,51.0471
5.961,6184.29,-691.316,5492.22,496.132,48.9
5.971,6192.36,-699.389,5492.13,496.78,47.2787
5.981,6200.78,-707.806,5492.17,497.455,44.6913
5.991,6207.46,-714.488,5492.44,497.991,43.8743
6.001,6210.85,-717.876,5492.77,498.263,44.3319
6.011,6211.79,-718.813,5492.94,498.338,46.4072
6.021,6212.12,-719.143,5492.93,498.365,49.0579
6.031,6212.46,-719.484,5492.98,498.392,52.2272
6.041,6211.17,-718.194,5493.23,498.288,54.7691
6.051,6207.25,-714.275,5493.41,497.974,57.6529
6.061,6204.38,-711.407,5493.06,497.744,60.3351
6.071,6206.93,-713.953,5492.47,497.949,62.2355
6.081,6213.41,-720.433,5492.31,498.468,64.6446
6.091,6218.43,-725.459,5492.64,498.871,66.0927
6.101,6219.33,-726.361,5493.07,498.944,68.7139
6.111,6216.7,-723.721,5493.35,498.732,71.5016
6.121,6212.34,-719.366,5493.42,498.383,74.4697
6.131,6208.04,-715.063,5493.38,498.038,78.5162
6.141,6204.29,-711.317,5493.34,497.737,83.3095
6.151,6200.31,-707.338,5493.43,497.418,87.0122
6.161,6194.51,-701.535,5493.68,496.952,90.7723
6.171,6185.52,-692.543,5494.04,496.231,93.9008
6.181,6173.13,-680.151,5494.35,495.237,95.4634
6.191,6158.53,-665.551,5494.47,494.066,96.3541
6.201,6144.05,-651.069,5494.35,492.904,95.4906
6.211,6131.91,-638.928,5494.03,491.93,95.9874
6.221,6124.03,-631.049,5493.53,491.298,95.8898
6.231,6122.19,-629.213,5492.85,491.151,94.2483
6.241,6127.23,-634.25,5492.19,491.555,92.0011
6.251,6137.62,-644.641,5491.79,492.388,89.7413
6.261,6150.23,-657.255,5491.69,493.4,86.7774
6.271,6162.4,-669.424,5491.83,494.376,84.3724
6.281,6172.75,-679.77,5492.04,495.206,81.9562
6.291,6180.73,-687.757,5492.3,495.847,78.8114
6.301,6186.17,-693.195,5492.55,496.283,76.1149
6.311,6188.89,-695.914,5492.84,496.501,72.9091
6.321,6188.31,-695.334,5493.2,496.455,69.5334
6.331,6184.77,-691.79,5493.38,496.171,67.358
6.341,6181.63,-688.655,5493.13,495.919,68.1547
6.351,6183.36,-690.378,5492.55,496.058,69.3266
6.361,6189.8,-696.822,5492.23,496.574,69.5039
6.371,6197.1,-704.125,5492.31,497.16,69.9355
6.381,6202.52,-709.548,5492.57,497.595,71.0348
6.391,6204.2,-711.224,5493.02,497.73,74.3768
6.401,6201.27,-708.29,5493.46,497.494,77.0628
6.411,6194.69,-701.715,5493.76,496.967,80.2405
6.421,6185.67,-692.697,5493.96,496.243,83.2008
6.431,6175.52,-682.541,5494,495.429,84.9104
6.441,6166.09,-673.113,5493.84,494.673,85.4795
6.451,6159.1,-666.123,5493.54,494.112,84.6073
6.461,6155.45,-662.471,5493.19,493.819,83.5861
6.471,6155.4,-662.417,5492.85,493.814,83.0678
6.481,6157.92,-664.942,5492.65,494.017,82.2958
6.491,6161.57,-668.59,5492.62,494.309,81.8235
6.501,6164.01,-671.039,5492.87,494.506,81.0566
6.511,6162.75,-669.771,5493.3,494.404,80.5275
6.521,6157.44,-664.467,5493.62,493.979,80.4165
6.531,6151.37,-658.393,5493.49,493.491,79.4114
6.541,6148.71,-655.736,5493.03,493.278,79.1635
6.551,6150.12,-657.145,5492.73,493.391,78.562
6.561,6152.68,-659.699,5492.74,493.596,76.5824
6.571,6154.39,-661.418,5492.86,493.734,74.1698
6.581,6155.11,-662.135,5492.92,493.792,74.448
6.591,6155.72,-662.74,5492.91,493.84,77.9276
6.601,6156.65,-663.672,5492.85,493.915,81.4124
6.611,6158.38,-665.405,5492.77,494.054,83.3443
6.621,6160.49,-667.51,5492.78,494.223,86.4111
6.631,6162.04,-669.067,5492.87,494.348,88.5254
6.641,6161.69,-668.714,5493.14,494.319,92.2422
6.651,6158.27,-665.299,5493.47,494.045,95.0339
6.661,6151.43,-658.455,5493.82,493.496,97.4215
6.671,6141.42,-648.444,5494.07,492.693,99.0233
6.681,6129.93,-636.957,5494.16,491.772,99.1379
6.691,6117.85,-624.87,5494.21,490.802,97.5006
6.701,6105.23,-612.251,5494.26,489.79,95.3496
6.711,6092.42,-599.445,5494.23,488.762,94.1503
6.721,6081.35,-588.368,5493.94,487.874,92.2399
6.731,6073.92,-580.943,5493.53,487.278,90.3602
6.741,6070.65,-577.669,5493.13,487.015,87.1334
6.751,6071.13,-578.15,5492.78,487.054,81.894
6.761,6074.89,-581.908,5492.47,487.356,75.8336
6.771,6081.52,-588.54,5492.2,487.888,68.6544
6.781,6090.53,-597.556,5491.98,488.611,61.4921
6.791,6101.76,-608.785,5491.75,489.512,55.513
6.801,6114.98,-622,5491.6,490.572,49.1768
6.811,6129.08,-636.102,5491.54,491.703,42.7675
6.821,6143.65,-650.673,5491.52,492.872,37.578
6.831,6157.4,-664.421,5491.7,493.975,33.5475
6.841,6168.36,-675.383,5492.07,494.854,32.6506
6.851,6174.63,-681.653,5492.59,495.357,33.2296
6.861,6176.03,-683.051,5493.02,495.47,34.6992
6.871,6173.74,-680.762,5493.34,495.286,35.6346
6.881,6169.11,-676.128,5493.51,494.914,35.7535
6.891,6163.23,-670.249,5493.6,494.443,35.3188
6.901,6156.61,-663.631,5493.68,493.912,35.0558
6.911,6149.02,-656.037,5493.78,493.302,35.8377
6.921,6140.73,-647.754,5493.81,492.638,36.6377
6.931,6132.81,-639.831,5493.72,492.003,39.39
6.941,6126.41,-633.429,5493.53,491.489,42.3012
6.951,6122.23,-629.253,5493.28,491.154,45.0763
6.961,6120.49,-627.509,5493.06,491.014,48.436
6.971,6120.25,-627.271,5492.97,490.995,51.8082
6.981,6119.78,-626.802,5493.1,490.957,55.6991
6.991,6117.4,-624.426,5493.31,490.766,58.481
7.001,6113.67,-620.694,5493.34,490.467,60.5251
7.011,6111.3,-618.323,5493.08,490.277,62.1127
7.021,6112.84,-619.859,5492.61,490.4,63.7262
7.031,6119.2,-626.219,5492.15,490.91,66.1084
7.041,6128.96,-635.981,5491.92,491.694,67.686
7.051,6139.65,-646.675,5491.92,492.551,68.9003
7.061,6149.73,-656.751,5492.01,493.36,69.8665
7.071,6159.02,-666.041,5492.09,494.105,69.5766
7.081,6167.28,-674.305,5492.21,494.768,68.4987
7.091,6174.13,-681.148,5492.37,495.317,65.8443
7.101,6179.5,-686.52,5492.5,495.748,62.2691
7.111,6183.93,-690.948,5492.56,496.103,58.9997
7.121,6188.01,-695.025,5492.57,496.43,55.65
7.131,6192.35,-699.366,5492.52,496.779,52.187
7.141,6197.16,-704.18,5492.49,497.165,50.0252
7.151,6201.75,-708.772,5492.57,497.533,47.2605
7.161,6204.81,-711.826,5492.77,497.778,44.9452
7.171,6205.35,-712.366,5493.05,497.822,43.2135
7.181,6203.02,-710.04,5493.34,497.635,42.2076
7.191,6197.71,-704.728,5493.65,497.209,41.1037
7.201,6189.44,-696.465,5493.92,496.546,39.0936
7.211,6179.18,-686.199,5494.04,495.722,36.9266
7.221,6169.21,-676.228,5493.88,494.923,35.413
7.231,6162.28,-669.298,5493.5,494.367,34.4485
7.241,6159,-666.016,5493.19,494.103,32.9369
7.251,6157.35,-664.369,5493.14,493.971,32.2683
7.261,6155.44,-662.46,5493.2,493.818,32.736
7.271,6153.1,-660.118,5493.22,493.63,33.7918
7.281,6151.16,-658.176,5493.13,493.474,35.5445
7.291,6150.44,-657.458,5492.99,493.417,36.7242
7.301,6150.89,-657.911,5492.91,493.453,37.9257
7.311,6151.49,-658.509,5492.95,493.501,39.3693
7.321,6151.01,-658.031,5493.11,493.462,41.0864
7.331,6147.91,-654.934,5493.45,493.214,45.2737
7.341,6141.26,-648.286,5493.79,492.681,50.7248
7.351,6131.71,-638.727,5494.03,491.914,55.7136
7.361,6120.64,-627.664,5494.1,491.026,59.5503
7.371,6109.74,-616.759,5494.02,490.152,62.7749
7.381,6100.64,-607.655,5493.76,489.421,65.6683
7.391,6095.08,-602.094,5493.35,488.975,68.4996
7.401,6093.93,-600.947,5492.9,488.883,70.549
7.411,6096.98,-603.995,5492.51,489.128,71.0941
7.421,6103.14,-610.159,5492.26,489.622,72.3637
7.431,6111.27,-618.289,5492.11,490.274,73.3738
7.441,6120.15,-627.171,5492.11,490.987,75.6947
7.451,6127.74,-634.765,5492.32,491.596,79.7934
7.461,6132.43,-639.449,5492.69,491.972,85.2824
7.471,6132.77,-639.792,5493.16,491.999,89.8247
7.481,6128,-635.019,5493.7,491.616,93.5505
7.491,6117.89,-624.914,5494.22,490.806,96.3904
7.501,6103.05,-610.07,5494.63,489.615,99.376
7.511,6085.26,-592.283,5494.82,488.188,100.627
7.521,6067.35,-574.368,5494.66,486.751,101.154
7.531,6053.25,-560.269,5494.13,485.62,101.337
7.541,6045.54,-552.553,5493.45,485.001,101.465
7.551,6044.59,-551.603,5492.78,484.925,100.377
7.561,6050.06,-557.075,5492.17,485.364,97.1633
7.571,6060.98,-568.002,5491.68,486.24,92.6706
7.581,6076.48,-583.494,5491.23,487.483,87.5521
7.591,6096.33,-603.349,5490.85,489.076,81.9344
7.601,6117.61,-624.638,5490.94,490.783,75.2206
7.611,6135.23,-642.25,5491.49,492.196,66.7763
7.621,6146.73,-653.749,5492.09,493.119,59.0786
7.631,6153.06,-660.083,5492.52,493.627,51.3981
7.641,6156.44,-663.462,5492.71,493.898,44.8341
7.651,6159.03,-666.054,5492.73,494.106,41.1538
7.661,6161.49,-668.514,5492.77,494.304,39.3439
7.671,6162.44,-669.46,5493,494.379,38.0165
7.681,6160.13,-667.149,5493.39,494.194,36.7026
7.691,6153.75,-660.774,5493.75,493.683,36.1925
7.701,6146.36,-653.38,5493.57,493.09,36.9484
7.711,6144.49,-651.51,5492.84,492.94,39.6076
7.721,6147.82,-654.846,5492.62,493.207,41.8299
7.731,6149.4,-656.422,5493.01,493.333,43.1601
7.741,6147.16,-654.177,5493.31,493.153,44.7034
7.751,6143.32,-650.338,5493.38,492.845,47.0387
7.761,6139.23,-646.252,5493.4,492.518,48.1859
7.771,6134.71,-641.727,5493.46,492.155,49.2531
7.781,6129.57,-636.591,5493.53,491.743,49.9434
7.791,6123.64,-630.658,5493.61,491.267,49.8953
7.801,6117.02,-624.038,5493.65,490.735,48.6683
7.811,6111,-618.017,5493.5,490.253,46.6485
7.821,6107.43,-614.447,5493.2,489.966,44.6092
7.831,6106.61,-613.629,5492.95,489.9,41.8153
7.841,6108.4,-615.417,5492.66,490.044,38.7158
7.851,6113.34,-620.362,5492.38,490.44,36.7436
7.861,6118.91,-625.934,5492.54,490.887,36.0978
7.871,6119.63,-626.653,5493.24,490.945,35.6561
7.881,6113.26,-620.289,5493.84,490.434,35.0913
7.891,6104.53,-611.545,5493.75,489.733,34.5964
7.901,6100.18,-607.194,5493.12,489.384,35.0636
7.911,6101.29,-608.313,5492.77,489.474,37.1998
7.921,6101.99,-609.018,5493.07,489.53,38.8867
7.931,6099.05,-606.07,5493.39,489.294,40.3873
7.941,6095.52,-602.536,5493.2,489.011,42.2076
7.951,6095.84,-602.856,5492.74,489.036,45.6143
7.961,6099.94,-606.956,5492.49,489.365,49.7289
7.971,6104.35,-611.377,5492.62,489.72,53.0625
7.981,6106.35,-613.367,5492.91,489.879,55.107
7.991,6105.79,-612.81,5493.1,489.835,56.802
8.001,6104.79,-611.805,5493.04,489.754,57.1766
8.011,6105.24,-612.257,5492.85,489.791,57.2527
8.021,6107.63,-614.644,5492.66,489.982,57.1099
8.031,6111.58,-618.594,5492.53,490.299,55.7474
8.041,6116.5,-623.523,5492.46,490.694,53.3854
8.051,6121.87,-628.891,5492.45,491.125,52.3449
8.061,6126.88,-633.899,5492.52,491.527,50.355
8.071,6130.97,-637.988,5492.62,491.855,48.0358
8.081,6133.92,-640.937,5492.74,492.091,47.2477
8.091,6135.76,-642.781,5492.81,492.239,46.8142
8.101,6137.42,-644.44,5492.8,492.372,45.823
8.111,6139.6,-646.619,5492.71,492.547,44.2416
8.121,6143.5,-650.522,5492.47,492.86,42.7581
8.131,6150.62,-657.635,5492.11,493.431,41.1451
8.141,6160.11,-667.135,5492.02,494.193,39.7192
8.151,6168.05,-675.074,5492.38,494.83,39.066
8.161,6170.97,-677.996,5492.94,495.064,39.6237
8.171,6168.66,-675.678,5493.41,494.878,39.9953
8.181,6162.94,-669.957,5493.62,494.419,40.423
8.191,6157.12,-664.139,5493.47,493.953,40.7928
8.201,6154.04,-661.053,5493.15,493.705,41.1601
8.211,6153.39,-660.41,5493.02,493.653,41.4485
8.221,6152.01,-659.03,5493.24,493.543,41.4576
8.231,6147.41,-654.433,5493.6,493.174,41.9028
8.241,6139.79,-646.808,5493.83,492.562,41.7849
8.251,6131.1,-638.118,5493.84,491.865,41.5937
8.261,6122.98,-630.003,5493.75,491.214,41.4539
8.271,6115.66,-622.675,5493.68,490.626,42.8317
8.281,6109.34,-616.359,5493.53,490.12,45.08
8.291,6105.77,-612.783,5493.16,489.833,46.9399
8.301,6106.25,-613.264,5492.77,489.871,47.6722
8.311,6109.39,-616.407,5492.62,490.123,47.5685
8.321,6112.74,-619.758,5492.67,490.392,48.0296
8.331,6115.68,-622.701,5492.68,490.628,47.5164
8.341,6119.07,-626.093,5492.59,490.9,47.0742
8.351,6123.84,-630.855,5492.42,491.283,47.5703
8.361,6130.46,-637.483,5492.25,491.814,47.7375
8.371,6137.96,-644.978,5492.24,492.415,47.6601
8.381,6144.42,-651.444,5492.44,492.934,47.1259
8.391,6148.16,-655.186,5492.75,493.234,46.5649
8.401,6148.69,-655.715,5493.06,493.277,46.6335
8.411,6146.22,-653.245,5493.36,493.078,47.0776
8.421,6140.7,-647.719,5493.67,492.635,47.7177
8.431,6132.04,-639.061,5493.97,491.941,50.3377
8.441,6121.12,-628.145,5494.12,491.065,52.9114
8.451,6110.2,-617.223,5493.99,490.189,54.665
8.461,6101.72,-608.736,5493.69,489.508,55.7422
8.471,6096.6,-603.616,5493.35,489.097,57.0557
8.481,6094.43,-601.45,5493.09,488.923,57.3106
8.491,6093.85,-600.867,5493.01,488.877,58.4974
8.501,6093.34,-600.363,5493.06,488.836,59.733
8.511,6091.51,-598.536,5493.27,488.689,59.9519
8.521,6086.35,-593.372,5493.71,488.275,59.7866
8.531,6075.6,-582.626,5494.33,487.413,59.5325
8.541,6059.18,-566.205,5494.81,486.095,60.4758
8.551,6039.99,-547.015,5494.88,484.556,61.6322
8.561,6023.67,-530.69,5494.26,483.247,63.1755
8.571,6018.8,-525.811,5492.72,482.856,63.5794
8.581,6030.71,-537.722,5491.15,483.811,63.0254
8.591,6052.34,-559.359,5490.73,485.546,65.0604
8.601,6073.01,-580.037,5491.12,487.205,68.0668
8.611,6088.6,-595.627,5491.65,488.456,71.7607
8.621,6099.47,-606.496,5492.06,489.328,74.4055
8.631,6107.15,-614.167,5492.32,489.944,77.3481
8.641,6112.9,-619.915,5492.45,490.405,79.5852
8.651,6118.02,-625.037,5492.47,490.816,80.2723
8.661,6122.95,-629.971,5492.51,491.211,80.5108
8.671,6126.91,-633.927,5492.67,491.529,79.1513
8.681,6128.47,-635.493,5492.97,491.654,76.1797
8.691,6127.03,-634.049,5493.26,491.539,73.7405
8.701,6122.76,-629.779,5493.54,491.196,71.5584
8.711,6116.24,-623.26,5493.67,490.673,69.1559
8.721,6110.01,-617.028,5493.51,490.173,65.8288
8.731,6106.65,-613.669,5493.16,489.904,62.4935
8.741,6106.52,-613.534,5492.88,489.893,58.8572
8.751,6108.57,-615.59,5492.7,490.058,54.5154
8.761,6112.52,-619.533,5492.5,490.374,50.1201
8.771,6117.98,-625.001,5492.4,490.813,46.2444
8.781,6123.33,-630.344,5492.51,491.241,43.4203
8.791,6126.69,-633.715,5492.78,491.512,43.179
8.801,6126.6,-633.62,5493.17,491.504,44.4796
8.811,6122.52,-629.537,5493.54,491.177,46.5778
8.821,6116.35,-623.366,5493.59,490.682,48.6071
8.831,6111.8,-618.818,5493.27,490.317,52.1733
8.841,6111.09,-618.113,5492.91,490.26,55.1013
8.851,6112.25,-619.268,5492.89,490.353,57.539
8.861,6112.05,-619.07,5493.1,490.337,59.7873
8.871,6109.8,-616.825,5493.26,490.157,61.1544
8.881,6106.38,-613.406,5493.39,489.882,61.6895
8.891,6099.45,-606.479,5494,489.326,61.7029
8.901,6083.71,-590.734,5494.95,488.063,61.9929
8.911,6063.65,-570.667,5494.68,486.454,62.1999
8.921,6058.08,-565.086,5492.5,486.007,61.8133
8.931,6072.14,-579.162,5491.1,487.135,60.0784
8.941,6091.3,-598.328,5491.17,488.673,56.9163
8.951,6106.51,-613.537,5491.7,489.893,53.2493
8.961,6116.7,-623.721,5492.14,490.71,49.1777
8.971,6123.37,-630.39,5492.46,491.245,46.6155
8.981,6126.62,-633.645,5492.82,491.506,45.1432
8.991,6125.86,-632.879,5493.26,491.445,44.6554
9.001,6120.49,-627.513,5493.71,491.014,44.4026
9.011,6111.3,-618.325,5494.05,490.277,45.4726
9.021,6099.5,-606.515,5494.23,489.33,47.206
9.031,6086.96,-593.981,5494.23,488.324,49.7477
9.041,6074.51,-581.533,5494.22,487.326,52.8646
9.051,6062.22,-569.237,5494.21,486.339,55.8393
9.061,6050.2,-557.221,5494.14,485.375,57.5735
9.071,6040.12,-547.135,5493.83,484.566,58.8863
9.081,6034.83,-541.846,5493.23,484.142,59.4248
9.091,6035.55,-542.563,5492.68,484.199,59.2365
9.101,6040.52,-547.534,5492.36,484.598,58.6174
9.111,6047.95,-554.968,5492.14,485.195,57.9887
9.121,6057.43,-564.446,5491.97,485.955,56.5917
9.131,6067.68,-574.704,5491.99,486.778,54.2663
9.141,6075.81,-582.838,5492.37,487.43,51.2623
9.151,6078.13,-585.153,5493.1,487.616,47.941
9.161,6072.09,-579.115,5493.94,487.131,44.4683
9.171,6061.48,-568.5,5493.91,486.28,42.1136
9.181,6058.78,-565.788,5492.61,486.063,40.0212
9.191,6069.15,-576.165,5491.58,486.895,38.2969
9.201,6082.97,-589.99,5491.75,488.004,37.8451
9.211,6092.18,-599.2,5492.3,488.743,39.5842
9.221,6096.39,-603.407,5492.74,489.08,41.2801
9.231,6097.15,-604.166,5493.01,489.141,42.5679
9.241,6096.29,-603.313,5493.1,489.073,44.9445
9.251,6095.18,-602.2,5493.08,488.984,46.6998
9.261,6094.65,-601.671,5493,488.941,47.4342
9.271,6094.89,-601.911,5492.94,488.961,48.5098
9.281,6095.11,-602.13,5492.99,488.978,50.0548
9.291,6094.82,-601.837,5493.02,488.955,50.5727
9.301,6094.55,-601.564,5492.99,488.933,51.0568
9.311,6094.53,-601.544,5492.99,488.931,51.816
9.321,6094.36,-601.378,5493,488.918,52.5588
9.331,6094.31,-601.327,5492.97,488.914,53.9103
9.341,6094.6,-601.619,5492.96,488.937,55.2617
9.351,6093.71,-600.731,5493.19,488.866,56.8077
9.361,6089.8,-596.818,5493.5,488.552,59.6868
9.371,6084.56,-591.575,5493.43,488.131,62.1391
9.381,6082.59,-589.605,5492.94,487.974,64.8441
9.391,6085.54,-592.56,5492.55,488.21,66.87
9.401,6090.54,-597.556,5492.45,488.611,69.9635
9.411,6095.85,-602.865,5492.45,489.037,72.6366
9.421,6101.28,-608.298,5492.42,489.473,75.3925
9.431,6106.92,-613.932,5492.44,489.925,78.0464
9.441,6111.68,-618.695,5492.58,490.307,80.9266
9.451,6114.26,-621.281,5492.86,490.514,82.1323
9.461,6113.58,-620.595,5493.22,490.459,81.7034
9.471,6109.21,-616.225,5493.57,490.109,80.0385
9.481,6101.97,-608.986,5493.8,489.528,77.9799
9.491,6093.56,-600.577,5493.81,488.854,74.5652
9.501,6086.28,-593.3,5493.61,488.27,71.8175
9.511,6081.58,-588.599,5493.32,487.893,69.5621
9.521,6079.4,-586.421,5493.13,487.718,67.6726
9.531,6078.3,-585.313,5493.06,487.629,67.2342
9.541,6077.85,-584.866,5492.99,487.593,66.2634
9.551,6078.77,-585.785,5492.79,487.667,65.5559
9.561,6082.45,-589.467,5492.46,487.962,65.3987
9.571,6089.55,-596.567,5492.14,488.532,64.9699
9.581,6098.8,-605.815,5492.04,489.274,64.4103
9.591,6107.62,-614.639,5492.17,489.982,63.2991
9.601,6114.17,-621.19,5492.47,490.507,62.0506
9.611,6117.45,-624.472,5492.79,490.77,60.768
9.621,6117.89,-624.912,5493.04,490.806,59.2938
9.631,6116.56,-623.581,5493.16,490.699,57.7381
9.641,6114.8,-621.814,5493.15,490.557,55.8899
9.651,6113.55,-620.57,5493.07,490.458,54.6111
9.661,6113.11,-620.123,5492.99,490.422,53.8962
9.671,6113.54,-620.558,5492.91,490.457,51.9949
9.681,6114.66,-621.674,5492.85,490.546,49.5683
9.691,6116.07,-623.084,5492.85,490.659,47.2596
9.701,6117.09,-624.105,5492.92,490.741,46.3439
9.711,6116.77,-623.788,5493.12,490.716,45.4702
9.721,6113.85,-620.868,5493.4,490.481,46.2676
9.731,6108.1,-615.121,5493.68,490.02,47.11
9.741,6099.65,-606.67,5493.94,489.342,47.2146
9.751,6088.88,-595.899,5494.13,488.478,47.3866
9.761,6077.77,-584.782,5494.01,487.587,47.5167
9.771,6069.96,-576.975,5493.52,486.96,47.9128
9.781,6067.95,-574.964,5492.94,486.799,49.4226
9.791,6069.63,-576.652,5492.81,486.934,51.9367
9.801,6069.13,-576.153,5493.29,486.894,54.2135
9.811,6061.56,-568.583,5494.11,486.286,56.0671
9.821,6046.54,-553.559,5494.71,485.081,57.778
9.831,6028.87,-535.886,5494.68,483.664,58.4206
9.841,6014.48,-521.491,5494.15,482.509,59.792
9.851,6007.03,-514.042,5493.36,481.912,61.3689
9.861,6008.18,-515.197,5492.49,482.004,63.4143
9.871,6016.93,-523.945,5491.85,482.706,65.1817
9.881,6029.94,-536.961,5491.6,483.75,65.4473
9.891,6043.48,-550.495,5491.72,484.836,67.4467
9.901,6054.17,-561.193,5492.09,485.694,70.4346
9.911,6060.63,-567.646,5492.54,486.211,72.0269
9.921,6062.72,-569.742,5492.95,486.38,72.8687
9.931,6061.41,-568.423,5493.22,486.274,72.704
9.941,6058.54,-565.556,5493.27,486.044,71.9889
9.951,6056.8,-563.815,5493.04,485.905,70.1921
9.961,6058.33,-565.347,5492.66,486.028,67.463
9.971,6063.34,-570.358,5492.36,486.429,65.1753
9.981,6070.18,-577.2,5492.29,486.978,64.5612
9.991,6076.52,-583.534,5492.43,487.486,64.6888
